file,table,column,type,issues,nulls/total,samples
src/main/resources/TorinoCentre/TorinoCentre_censusData.gpkg,TorinoCentre_censusData,fid,INTEGER,OK,0/3988,1 | 2 | 3 | 4 | 5 | 6 | 7 | 8 | 9 | 10 | 11 | 12 | 13 | 14 | 15 | 16 | 17 | 18 | 19 | 20
src/main/resources/TorinoCentre/TorinoCentre_censusData.gpkg,TorinoCentre_censusData,SEZ21_ID,REAL,OK,0/3988,12720005997.0 | 12720005987.0 | 12720005989.0 | 12720005978.0 | 12720005969.0 | 12720005973.0 | 12720005896.0 | 12720005898.0 | 12720005900.0 | 12720005899.0 | 12720005890.0 | 12720005892.0 | 12720005880.0 | 12720005871.0 | 12720005874.0 | 12720005873.0 | 12720005876.0 | 12720005878.0 | 12720005933.0 | 12720005922.0
src/main/resources/TorinoCentre/TorinoCentre_censusData.gpkg,TorinoCentre_censusData,zone_residence_pct,REAL,OK,0/3988,2.3624828277029462e-05 | 4.961213938176187e-05 | 3.5437242415544193e-06 | 0.00140331479965555 | 0.0001358427625929194 | 1.889986262162357e-05 | 0.0002445169726672549 | 3.5437242415544193e-06 | 2.362482827702946e-06 | 8.150565755575164e-05 | 1.181241413851473e-06 | 2.4806069690880934e-05 | 1.7718621207772097e-05 | 1.0631172724663257e-05 | 4.843089796791039e-05 | 0.00028349793932435356 | 3.5437242415544193e-06 | 1.2993655552366203e-05 | 1.2993655552366203e-05 | 2.1262345449326514e-05
src/main/resources/TorinoCentre/TorinoCentre_edges.gpkg,TorinoCentre_edges,fid,INTEGER,OK,0/8751,1 | 2 | 3 | 4 | 5 | 6 | 7 | 8 | 9 | 10 | 11 | 12 | 13 | 14 | 15 | 16 | 17 | 18 | 19 | 20
src/main/resources/TorinoCentre/TorinoCentre_edges.gpkg,TorinoCentre_edges,key,TEXT,OK,0/8751,0 | 0 | 0 | 0 | 0 | 0 | 0 | 0 | 0 | 0 | 0 | 0 | 0 | 0 | 0 | 0 | 0 | 0 | 0 | 0
src/main/resources/TorinoCentre/TorinoCentre_edges.gpkg,TorinoCentre_edges,name,TEXT,OK,0/8751,Via Antonio Fontanesi | Corso Cairoli | Corso Vercelli | Via delle Orfane | Via Moncrivello | Via Giorgio Ghedini | Largo Montebello | Via Gioachino Rossini | Via Montebello | Corso Belgio | Largo Maresciallo Rosario Berardi | Via Montebello | Via Lorenzo Martini | Piazza Santa Giulia | Lungo Dora Siena | Via Carlo Denina | Via Gianfrancesco Fiochetto | Via Carlo Goldoni | Corso Germano Sommeiller | Via della Rocca
src/main/resources/TorinoCentre/TorinoCentre_edges.gpkg,TorinoCentre_edges,highway,TEXT,OK,0/8751,tertiary | secondary | unclassified | residential | residential | residential | residential | residential | residential | secondary | secondary | residential | residential | residential | tertiary | residential | residential | residential | secondary | residential
src/main/resources/TorinoCentre/TorinoCentre_edges.gpkg,TorinoCentre_edges,lit,MEDIUMINT,OK,0/8751,1 | 1 | 1 | 1 | 9999 | 1 | 1 | 1 | 1 | 1 | 1 | 1 | 1 | 1 | 9999 | 1 | 9999 | 9999 | 1 | 1
src/main/resources/TorinoCentre/TorinoCentre_edges.gpkg,TorinoCentre_edges,edgeID,MEDIUMINT,OK,0/8751,0 | 1 | 2 | 3 | 4 | 5 | 7 | 8 | 9 | 10 | 11 | 12 | 13 | 14 | 15 | 16 | 17 | 18 | 19 | 20
src/main/resources/TorinoCentre/TorinoCentre_edges.gpkg,TorinoCentre_edges,length,REAL,OK,0/8751,36.40670048139719 | 122.17492471053899 | 84.1329033883774 | 94.10960376415106 | 197.19079061381245 | 147.9035342214718 | 47.4037471846541 | 58.701453882006426 | 48.329393169300054 | 23.461567648272535 | 16.383020018583707 | 13.478843561124096 | 75.60807533342033 | 104.25557133044427 | 15.826817337673145 | 17.215225937866798 | 117.6666917337023 | 109.28875984332184 | 144.75555201035056 | 184.33143512335903
src/main/resources/TorinoCentre/TorinoCentre_edges.gpkg,TorinoCentre_edges,u,MEDIUMINT,OK,0/8751,4063 | 3282 | 2825 | 2435 | 4371 | 4578 | 3704 | 3542 | 3706 | 4085 | 4076 | 3310 | 3525 | 3868 | 3351 | 3339 | 3181 | 3348 | 1515 | 3088
src/main/resources/TorinoCentre/TorinoCentre_edges.gpkg,TorinoCentre_edges,v,MEDIUMINT,OK,0/8751,4065 | 3479 | 2826 | 2434 | 4566 | 4574 | 3706 | 3541 | 3708 | 4089 | 4079 | 3311 | 3700 | 3864 | 3350 | 3340 | 2995 | 3347 | 1733 | 3090
src/main/resources/TorinoCentre/TorinoCentre_edges.gpkg,TorinoCentre_edges,bridge,BOOLEAN,OK,0/8751,0 | 0 | 1 | 0 | 0 | 0 | 0 | 1 | 0 | 0 | 0 | 0 | 0 | 0 | 0 | 0 | 0 | 0 | 0 | 0
src/main/resources/TorinoCentre/TorinoCentre_edges.gpkg,TorinoCentre_edges,a_rivers,TEXT,OK,0/8751,[] | [] | [] | [] | [] | [] | [] | [] | [] | [] | [] | [] | [] | [] | [1539] | [] | [] | [] | [] | []
src/main/resources/TorinoCentre/TorinoCentre_edges.gpkg,TorinoCentre_edges,w_parks,TEXT,OK,0/8751,[] | [] | [] | [] | [] | [] | [] | [] | [] | [] | [] | [] | [] | [] | [] | [] | [] | [] | [] | []
src/main/resources/TorinoCentre/TorinoCentre_edges.gpkg,TorinoCentre_edges,p_barr,TEXT,OK,0/8751,[] | [] | [] | [] | [] | [] | [] | [] | [] | [] | [] | [] | [] | [] | [1539] | [] | [] | [] | [] | []
src/main/resources/TorinoCentre/TorinoCentre_edges.gpkg,TorinoCentre_edges,n_barr,TEXT,OK,0/8751,[] | [] | [] | [] | [] | [] | [] | [] | [] | [] | [265] | [] | [] | [] | [] | [] | [] | [] | [1581] | []
src/main/resources/TorinoCentre/TorinoCentre_edges.gpkg,TorinoCentre_edges,sep_barr,BOOLEAN,OK,0/8751,0 | 0 | 1 | 0 | 0 | 0 | 0 | 1 | 0 | 0 | 0 | 0 | 0 | 0 | 0 | 0 | 0 | 0 | 1 | 0
src/main/resources/TorinoCentre/TorinoCentre_edges.gpkg,TorinoCentre_edges,p_bool,BOOLEAN,OK,0/8751,0 | 0 | 0 | 0 | 0 | 0 | 0 | 0 | 0 | 0 | 0 | 0 | 0 | 0 | 1 | 0 | 0 | 0 | 0 | 0
src/main/resources/TorinoCentre/TorinoCentre_edges.gpkg,TorinoCentre_edges,lit_m,MEDIUMINT,OK,0/8751,1 | 1 | 1 | 1 | 1 | 1 | 1 | 1 | 1 | 1 | 1 | 1 | 1 | 1 | 1 | 1 | 1 | 1 | 1 | 1
src/main/resources/TorinoCentre/TorinoCentre_edgesDual.gpkg,TorinoCentre_edgesDual_graph,fid,INTEGER,OK,0/24856,1 | 2 | 3 | 4 | 5 | 6 | 7 | 8 | 9 | 10 | 11 | 12 | 13 | 14 | 15 | 16 | 17 | 18 | 19 | 20
src/main/resources/TorinoCentre/TorinoCentre_edgesDual.gpkg,TorinoCentre_edgesDual_graph,u,TEXT,OK,0/24856,0 | 0 | 0 | 0 | 0 | 0 | 1 | 1 | 1 | 1 | 1 | 1 | 2 | 2 | 2 | 2 | 2 | 2 | 3 | 3
src/main/resources/TorinoCentre/TorinoCentre_edgesDual.gpkg,TorinoCentre_edgesDual_graph,v,TEXT,OK,0/24856,672 | 703 | 704 | 1617 | 3325 | 9605 | 21 | 1053 | 3087 | 5120 | 6191 | 10620 | 2800 | 3765 | 4227 | 4415 | 6155 | 9441 | 1529 | 2388
src/main/resources/TorinoCentre/TorinoCentre_edgesDual.gpkg,TorinoCentre_edgesDual_graph,length,REAL,OK,0/24856,28.329249308028817 | 24.956631122526932 | 25.89923473015434 | 32.43073798368192 | 24.423291531098894 | 25.23636583167355 | 72.20280602214979 | 79.23973083762104 | 98.3220611441754 | 83.31608603787382 | 75.70897697961325 | 72.13321426978315 | 121.19518156307883 | 156.6397773951284 | 82.57670374438541 | 60.552862363850636 | 135.3207453668 | 69.49593600487535 | 113.12654690575843 | 104.71032452943129
src/main/resources/TorinoCentre/TorinoCentre_edgesDual.gpkg,TorinoCentre_edgesDual_graph,deg,REAL,OK,0/24856,73.8448567019913 | 105.83294496644135 | 4.3878579880697 | 106.02726915785517 | 0.6430882256870112 | 75.14894883692983 | 77.99472144695419 | 145.45125971720975 | 10.632276272110245 | 8.48841381501732 | 96.69082305514682 | 77.99472144695419 | 110.3692009636543 | 117.32964935233825 | 2.0318085543897557 | 1.2883697743655973 | 67.86900650421737 | 62.40809141647014 | 88.03877780222822 | 92.94597063041617
src/main/resources/TorinoCentre/TorinoCentre_nodes.gpkg,TorinoCentre_nodes,fid,INTEGER,OK,0/4792,1 | 2 | 3 | 4 | 5 | 6 | 7 | 8 | 9 | 10 | 11 | 12 | 13 | 14 | 15 | 16 | 17 | 18 | 19 | 20
src/main/resources/TorinoCentre/TorinoCentre_nodes.gpkg,TorinoCentre_nodes,x,REAL,OK,0/4792,1394031.979176856 | 1394038.079191472 | 1394043.4090113144 | 1394003.0790151686 | 1393937.5608501222 | 1394124.3426165553 | 1394085.3386443246 | 1394103.1642276074 | 1394026.4332587982 | 1394141.1500702044 | 1394046.7608638087 | 1394064.6413164253 | 1394070.5377768397 | 1394054.7563341262 | 1394019.303884286 | 1394189.6539676776 | 1394188.4173027454 | 1394110.0235207363 | 1394068.534676129 | 1394112.0210191533
src/main/resources/TorinoCentre/TorinoCentre_nodes.gpkg,TorinoCentre_nodes,y,REAL,OK,0/4792,4989377.4633497065 | 4989391.863196156 | 4989400.686465023 | 4989416.409376348 | 4989487.521735706 | 4989553.621449195 | 4989560.848169207 | 4989561.818611202 | 4989577.262516721 | 4989580.066761353 | 4989602.693393165 | 4989617.864093741 | 4989627.144667116 | 4989627.829367427 | 4989638.286632444 | 4989684.792640035 | 4989756.905412805 | 4989765.967453443 | 4989781.414147192 | 4989784.258126919
src/main/resources/TorinoCentre/TorinoCentre_nodes.gpkg,TorinoCentre_nodes,nodeID,MEDIUMINT,OK,0/4792,0 | 1 | 2 | 3 | 4 | 5 | 6 | 7 | 8 | 9 | 10 | 11 | 12 | 13 | 14 | 15 | 16 | 17 | 18 | 19
src/main/resources/TorinoCentre/TorinoCentre_nodes.gpkg,TorinoCentre_nodes,Bc_Rd,REAL,OK,0/4792,0.0 | 5947.0 | 7715.0 | 183.0 | 149.0 | 36267.0 | 15216.0 | 19949.0 | 8454.0 | 40991.0 | 2839.0 | 4009.0 | 13374.0 | 86.0 | 24.0 | 90728.0 | 107458.0 | 35788.0 | 9514.0 | 12906.0
src/main/resources/TorinoCentre/TorinoCentre_nodes.gpkg,TorinoCentre_nodes,p_rad,MEDIUMINT,OK,0/4792,16 | 16 | 16 | 16 | 16 | 16 | 16 | 16 | 16 | 16 | 16 | 16 | 16 | 16 | 16 | 16 | 16 | 16 | 16 | 16
src/main/resources/TorinoCentre/TorinoCentre_nodes.gpkg,TorinoCentre_nodes,gateway,MEDIUMINT,OK,0/4792,0 | 0 | 0 | 0 | 0 | 0 | 0 | 0 | 0 | 0 | 0 | 0 | 0 | 0 | 0 | 0 | 1 | 0 | 0 | 1
src/main/resources/TorinoCentre/TorinoCentre_nodes.gpkg,TorinoCentre_nodes,district,MEDIUMINT,OK,0/4792,16 | 16 | 16 | 16 | 16 | 16 | 16 | 16 | 16 | 16 | 16 | 16 | 16 | 16 | 16 | 16 | 16 | 16 | 16 | 16
src/main/resources/TorinoCentre/TorinoCentre_nodesDual.gpkg,TorinoCentre_nodesDual_graph,fid,INTEGER,OK,0/8751,1 | 2 | 3 | 4 | 5 | 6 | 7 | 8 | 9 | 10 | 11 | 12 | 13 | 14 | 15 | 16 | 17 | 18 | 19 | 20
src/main/resources/TorinoCentre/TorinoCentre_nodesDual.gpkg,TorinoCentre_nodesDual_graph,key,TEXT,OK,0/8751,0 | 0 | 0 | 0 | 0 | 0 | 0 | 0 | 0 | 0 | 0 | 0 | 0 | 0 | 0 | 0 | 0 | 0 | 0 | 0
src/main/resources/TorinoCentre/TorinoCentre_nodesDual.gpkg,TorinoCentre_nodesDual_graph,name,TEXT,OK,0/8751,Via Antonio Fontanesi | Corso Cairoli | Corso Vercelli | Via delle Orfane | Via Moncrivello | Via Giorgio Ghedini | Largo Montebello | Via Gioachino Rossini | Via Montebello | Corso Belgio | Largo Maresciallo Rosario Berardi | Via Montebello | Via Lorenzo Martini | Piazza Santa Giulia | Lungo Dora Siena | Via Carlo Denina | Via Gianfrancesco Fiochetto | Via Carlo Goldoni | Corso Germano Sommeiller | Via della Rocca
src/main/resources/TorinoCentre/TorinoCentre_nodesDual.gpkg,TorinoCentre_nodesDual_graph,highway,TEXT,OK,0/8751,tertiary | secondary | unclassified | residential | residential | residential | residential | residential | residential | secondary | secondary | residential | residential | residential | tertiary | residential | residential | residential | secondary | residential
src/main/resources/TorinoCentre/TorinoCentre_nodesDual.gpkg,TorinoCentre_nodesDual_graph,lit,TEXT,OK,0/8751,1 | 1 | 1 | 1 | 9999 | 1 | 1 | 1 | 1 | 1 | 1 | 1 | 1 | 1 | 9999 | 1 | 9999 | 9999 | 1 | 1
src/main/resources/TorinoCentre/TorinoCentre_nodesDual.gpkg,TorinoCentre_nodesDual_graph,edgeID,MEDIUMINT,OK,0/8751,0 | 1 | 2 | 3 | 4 | 5 | 7 | 8 | 9 | 10 | 11 | 12 | 13 | 14 | 15 | 16 | 17 | 18 | 19 | 20
src/main/resources/TorinoCentre/TorinoCentre_nodesDual.gpkg,TorinoCentre_nodesDual_graph,length,REAL,OK,0/8751,36.40670048139719 | 122.17492471053899 | 84.1329033883774 | 94.10960376415106 | 197.19079061381245 | 147.9035342214718 | 47.4037471846541 | 58.701453882006426 | 48.329393169300054 | 23.461567648272535 | 16.383020018583707 | 13.478843561124096 | 75.60807533342033 | 104.25557133044427 | 15.826817337673145 | 17.215225937866798 | 117.6666917337023 | 109.28875984332184 | 144.75555201035056 | 184.33143512335903
src/main/resources/TorinoCentre/TorinoCentre_nodesDual.gpkg,TorinoCentre_nodesDual_graph,u,MEDIUMINT,OK,0/8751,4063 | 3282 | 2825 | 2435 | 4371 | 4578 | 3704 | 3542 | 3706 | 4085 | 4076 | 3310 | 3525 | 3868 | 3351 | 3339 | 3181 | 3348 | 1515 | 3088
src/main/resources/TorinoCentre/TorinoCentre_nodesDual.gpkg,TorinoCentre_nodesDual_graph,v,MEDIUMINT,OK,0/8751,4065 | 3479 | 2826 | 2434 | 4566 | 4574 | 3706 | 3541 | 3708 | 4089 | 4079 | 3311 | 3700 | 3864 | 3350 | 3340 | 2995 | 3347 | 1733 | 3090
src/main/resources/TorinoCentre/TorinoCentre_nodesDual.gpkg,TorinoCentre_nodesDual_graph,x,REAL,OK,0/8751,1398025.1145056535 | 1397120.7156984014 | 1396527.5326258973 | 1396166.4947972381 | 1398379.2761468445 | 1398521.669592402 | 1397325.9878522584 | 1397246.9520142693 | 1397327.447918811 | 1397929.1338394566 | 1397859.8477259863 | 1397023.2834330134 | 1397299.456373369 | 1397674.1752571932 | 1397032.8719216527 | 1397049.160834649 | 1396740.8824320154 | 1397029.0741180691 | 1395609.704290561 | 1396876.4767521343
src/main/resources/TorinoCentre/TorinoCentre_nodesDual.gpkg,TorinoCentre_nodesDual_graph,y,REAL,OK,0/8751,4991549.426710951 | 4990592.75981495 | 4992940.51947177 | 4992386.850333215 | 4993699.641011324 | 4993903.517461689 | 4991803.74832847 | 4992011.792150889 | 4991844.452008336 | 4991709.683136735 | 4991642.90050884 | 4991278.783405046 | 4991586.027811276 | 4991525.207060643 | 4992198.1968489615 | 4991876.612877714 | 4992288.60397095 | 4992116.154237699 | 4989857.388693075 | 4990456.064993359
src/main/resources/TorinoCentre/Torino_censusData.gpkg,,,,FILE_MISSING,,
src/main/resources/Torino__/Torino_barriers.gpkg,Torino_barriers,fid,INTEGER,OK,0/1589,1 | 2 | 3 | 4 | 5 | 6 | 7 | 8 | 9 | 10 | 11 | 12 | 13 | 14 | 15 | 16 | 17 | 18 | 19 | 20
src/main/resources/Torino__/Torino_barriers.gpkg,Torino_barriers,barrier_type,TEXT,OK,0/1589,water | water | water | water | water | water | water | water | water | water | water | water | water | water | water | water | water | water | water | water
src/main/resources/Torino__/Torino_barriers.gpkg,Torino_barriers,barrierID,INTEGER,OK,0/1589,1528 | 1535 | 1537 | 1542 | 1530 | 1534 | 1532 | 1525 | 1549 | 1531 | 1541 | 1543 | 1545 | 1544 | 1546 | 1538 | 1524 | 1526 | 1540 | 1533
src/main/resources/Torino__/Torino_edges.gpkg,Torino_edges,fid,INTEGER,OK,0/44278,1 | 2 | 3 | 4 | 5 | 6 | 7 | 8 | 9 | 10 | 11 | 12 | 13 | 14 | 15 | 16 | 17 | 18 | 19 | 20
src/main/resources/Torino__/Torino_edges.gpkg,Torino_edges,key,TEXT,OK,0/44278,0 | 0 | 0 | 0 | 0 | 0 | 0 | 0 | 0 | 0 | 0 | 0 | 0 | 0 | 0 | 0 | 0 | 0 | 0 | 0
src/main/resources/Torino__/Torino_edges.gpkg,Torino_edges,name,TEXT,OK,19758/44278,Via Antonio Fontanesi | Corso Cairoli | Piazza Generale Carlo Di Robilant | Corso Bramante | Corso Moncalieri | Strada Pianezza | Via Giorgio Ghedini | Via Guastalla | Via Puglia | Via Puglia | Piazza Sofia | Via Arcangelo Corelli | Largo Montebello | Via Gioachino Rossini | Via Montebello | Corso Belgio | Largo Maresciallo Rosario Berardi | Via Montebello | Via Sempione | Via Lorenzo Martini
src/main/resources/Torino__/Torino_edges.gpkg,Torino_edges,highway,TEXT,OK,0/44278,tertiary | secondary | tertiary | secondary | secondary | secondary | residential | residential | residential | residential | tertiary | tertiary | residential | tertiary | residential | secondary | secondary | residential | tertiary | residential
src/main/resources/Torino__/Torino_edges.gpkg,Torino_edges,lit,TEXT,OK,17425/44278,yes | yes | yes | yes | yes | yes | yes | yes | yes | yes | yes | yes | yes | yes | yes | yes | yes | yes | yes | yes
src/main/resources/Torino__/Torino_edges.gpkg,Torino_edges,foot,TEXT,OK,41426/44278,yes | designated | designated | yes | designated | yes | permissive | designated | designated | yes | designated | designated | yes | yes | yes | designated | yes | yes | yes | yes
src/main/resources/Torino__/Torino_edges.gpkg,Torino_edges,footway,TEXT,OK,36224/44278,crossing | crossing | crossing | crossing | crossing | crossing | crossing | crossing | sidewalk | sidewalk | crossing | crossing | crossing | crossing | sidewalk | sidewalk | sidewalk | crossing | crossing | crossing
src/main/resources/Torino__/Torino_edges.gpkg,Torino_edges,cycleway,TEXT,OK,43369/44278,lane | no | no | crossing | no | no | no | crossing | no | no | no | no | no | no | no | no | no | no | track | no
src/main/resources/Torino__/Torino_edges.gpkg,Torino_edges,access,TEXT,OK,43933/44278,permissive | yes | yes | yes | yes | permissive | yes | yes | yes | yes | yes | yes | permissive | yes | destination | yes | permissive | permissive | permissive | yes
src/main/resources/Torino__/Torino_edges.gpkg,Torino_edges,surface,TEXT,OK,8212/44278,asphalt | asphalt | asphalt | asphalt | asphalt | asphalt | asphalt | asphalt | asphalt | asphalt | asphalt | asphalt | asphalt | asphalt | asphalt | asphalt | asphalt | asphalt | asphalt | sett
src/main/resources/Torino__/Torino_edges.gpkg,Torino_edges,width,TEXT,OK,43110/44278,4 | 9 | 2.7 | 0.4 | 15 m | 5.5 | 10 | 3.5 | 9 | 4 | 7 | 8.8 | 10 | 18 | 0.6 | 7.4 | 6 | 3 | 3 | 3
src/main/resources/Torino__/Torino_edges.gpkg,Torino_edges,sidewalk:right,TEXT,NON_STANDARD_COLUMN_NAME,43145/44278,separate | separate | separate | separate | separate | separate | separate | separate | separate | separate | yes | separate | separate | separate | separate | separate | separate | separate | separate | separate
src/main/resources/Torino__/Torino_edges.gpkg,Torino_edges,sidewalk,TEXT,OK,33600/44278,both | both | both | left | both | right | both | no | both | both | both | both | both | right | right | both | both | no | both | no
src/main/resources/Torino__/Torino_edges.gpkg,Torino_edges,sidewalk:right:surface,TEXT,NON_STANDARD_COLUMN_NAME,42438/44278,asphalt | asphalt | asphalt | paving_stones | asphalt | asphalt | asphalt | asphalt | asphalt | asphalt | asphalt | asphalt | asphalt | asphalt | asphalt | asphalt | asphalt | asphalt | asphalt | asphalt
src/main/resources/Torino__/Torino_edges.gpkg,Torino_edges,sidewalk:left,TEXT,NON_STANDARD_COLUMN_NAME,43288/44278,no | no | no | no | no | no | no | no | no | yes | separate | no | no | no | no | no | yes | no | no | yes
src/main/resources/Torino__/Torino_edges.gpkg,Torino_edges,sidewalk:both:surface,TEXT,NON_STANDARD_COLUMN_NAME,42251/44278,paving_stones | asphalt | paving_stones | asphalt | asphalt | asphalt | paving_stones | asphalt | asphalt | asphalt | asphalt | asphalt | asphalt | asphalt | asphalt | asphalt | asphalt | paving_stones | paving_stones | asphalt
src/main/resources/Torino__/Torino_edges.gpkg,Torino_edges,sidewalk:both,TEXT,NON_STANDARD_COLUMN_NAME,44085/44278,separate | separate | separate | separate | yes | separate | separate | separate | separate | separate | separate | separate | separate | separate | separate | separate | separate | separate | separate | separate
src/main/resources/Torino__/Torino_edges.gpkg,Torino_edges,sidewalk:left:surface,TEXT,NON_STANDARD_COLUMN_NAME,44137/44278,asphalt | asphalt | paving_stones | asphalt | asphalt | asphalt | asphalt | asphalt | asphalt | asphalt | asphalt | asphalt | asphalt | asphalt | asphalt | asphalt | asphalt | asphalt | asphalt | asphalt
src/main/resources/Torino__/Torino_edges.gpkg,Torino_edges,sidewalk:both:bicycle,TEXT,NON_STANDARD_COLUMN_NAME,44273/44278,yes | yes | no | no | no
src/main/resources/Torino__/Torino_edges.gpkg,Torino_edges,sidewalk:both:width,TEXT,NON_STANDARD_COLUMN_NAME,44278/44278,
src/main/resources/Torino__/Torino_edges.gpkg,Torino_edges,edgeID,INTEGER,OK,0/44278,0 | 1 | 2 | 3 | 4 | 5 | 6 | 7 | 8 | 9 | 10 | 11 | 12 | 13 | 14 | 15 | 16 | 17 | 18 | 19
src/main/resources/Torino__/Torino_edges.gpkg,Torino_edges,length,REAL,OK,0/44278,17.51445348843925 | 46.886046724629004 | 54.58741587841786 | 32.02673016348259 | 84.33730960916007 | 112.7737266499316 | 147.9035342224245 | 23.22876496472879 | 167.11928215332944 | 35.57413878684128 | 48.80428219394249 | 24.18913748165099 | 47.403747185792795 | 7.113997911115536 | 48.32939317012616 | 23.96930722021741 | 16.38302001873514 | 8.574833172330475 | 7.050474994318279 | 75.60807533263792
src/main/resources/Torino__/Torino_edges.gpkg,Torino_edges,u,INTEGER,OK,0/44278,0 | 1 | 2 | 3 | 4 | 5 | 6 | 7 | 8 | 9 | 10 | 11 | 12 | 13 | 14 | 15 | 16 | 17 | 18 | 19
src/main/resources/Torino__/Torino_edges.gpkg,Torino_edges,v,INTEGER,OK,0/44278,1901 | 20236 | 12299 | 30303 | 9127 | 1545 | 30304 | 29386 | 29296 | 1353 | 51 | 7422 | 14 | 504 | 4180 | 9766 | 4185 | 21984 | 10983 | 11984
src/main/resources/Torino__/Torino_edges.gpkg,Torino_edges,bridge,BOOLEAN,OK,0/44278,0 | 0 | 0 | 0 | 0 | 0 | 0 | 0 | 0 | 0 | 0 | 0 | 0 | 0 | 0 | 0 | 0 | 0 | 0 | 0
src/main/resources/Torino__/Torino_edges.gpkg,Torino_edges,a_rivers,TEXT,OK,0/44278,[] | [] | [] | [] | [1530] | [] | [] | [] | [] | [] | [] | [] | [] | [] | [] | [] | [] | [] | [] | []
src/main/resources/Torino__/Torino_edges.gpkg,Torino_edges,w_parks,TEXT,OK,0/44278,[] | [] | [] | [] | [] | [] | [] | [] | [] | [] | [] | [] | [] | [] | [] | [] | [] | [] | [] | []
src/main/resources/Torino__/Torino_edges.gpkg,Torino_edges,p_barr,TEXT,OK,0/44278,[] | [] | [] | [] | [1530] | [] | [] | [] | [] | [] | [] | [] | [] | [] | [] | [] | [] | [] | [] | []
src/main/resources/Torino__/Torino_edges.gpkg,Torino_edges,n_barr,TEXT,OK,0/44278,[] | [] | [] | [] | [] | [] | [] | [] | [] | [1157] | [] | [] | [] | [] | [] | [] | [610] | [] | [] | []
src/main/resources/Torino__/Torino_edges.gpkg,Torino_edges,sep_barr,BOOLEAN,OK,0/44278,0 | 0 | 0 | 0 | 0 | 0 | 0 | 0 | 0 | 0 | 0 | 0 | 0 | 0 | 0 | 0 | 0 | 0 | 0 | 0
src/main/resources/Torino__/Torino_edges_dual.gpkg,Torino_edges_dual,fid,INTEGER,OK,0/94093,1 | 2 | 3 | 4 | 5 | 6 | 7 | 8 | 9 | 10 | 11 | 12 | 13 | 14 | 15 | 16 | 17 | 18 | 19 | 20
src/main/resources/Torino__/Torino_edges_dual.gpkg,Torino_edges_dual,u,INTEGER,OK,0/94093,0 | 0 | 0 | 0 | 1 | 1 | 1 | 2 | 2 | 2 | 2 | 3 | 3 | 4 | 4 | 5 | 5 | 5 | 6 | 6
src/main/resources/Torino__/Torino_edges_dual.gpkg,Torino_edges_dual,v,INTEGER,OK,0/94093,1889 | 1997 | 1998 | 4443 | 2778 | 5137 | 25298 | 13464 | 21255 | 45088 | 45093 | 1524 | 10201 | 9846 | 9847 | 1610 | 9787 | 10085 | 1110 | 1358
src/main/resources/Torino__/Torino_edges_dual.gpkg,Torino_edges_dual,length,REAL,OK,0/94093,18.883125811369553 | 15.510507626047964 | 16.453111233675372 | 18.20335376492251 | 61.08746235515552 | 46.70519257539431 | 45.6716470449841 | 32.35439310330185 | 32.17804717602639 | 34.27396118620813 | 34.69515826520409 | 21.436894659459018 | 25.462545599596886 | 69.17008635238257 | 60.3506535626041 | 69.87030922208083 | 75.10504785853942 | 61.79392268090534 | 96.55744687108549 | 127.27066259893272
src/main/resources/Torino__/Torino_edges_dual.gpkg,Torino_edges_dual,deg,REAL,OK,0/94093,73.90458618078657 | 105.76336737648036 | 4.4574355575251685 | 0.13408099963113324 | 26.106742631835008 | 150.76810522328836 | 14.348921863697658 | 46.763942496637625 | 50.0890802882164 | 46.674906537639316 | 47.019824515941345 | 96.93994472484924 | 14.944524677276629 | 1.3535181264264464 | 0.8397585696913697 | 1.0421414022277062 | 37.08608838185808 | 0.9028496005927996 | 21.27730538398124 | 138.94143097854067
src/main/resources/Torino__/Torino_nodes.gpkg,Torino_nodes,fid,INTEGER,OK,0/31401,1 | 2 | 3 | 4 | 5 | 6 | 7 | 8 | 9 | 10 | 11 | 12 | 13 | 14 | 15 | 16 | 17 | 18 | 19 | 20
src/main/resources/Torino__/Torino_nodes.gpkg,Torino_nodes,x,REAL,OK,0/31401,1398025.5892175445 | 1397126.8400987652 | 1393348.1513331153 | 1395850.0269979162 | 1395737.8639567448 | 1391820.1848778059 | 1398584.1797022705 | 1397333.3613739938 | 1399624.4494793043 | 1399906.9877303566 | 1398968.8689542408 | 1398287.1672044368 | 1397322.956476327 | 1397261.6776967172 | 1397316.2752522195 | 1397919.1655596395 | 1397852.7697182826 | 1397022.3347707167 | 1397502.4057426695 | 1397263.4022871864
src/main/resources/Torino__/Torino_nodes.gpkg,Torino_nodes,y,REAL,OK,0/31401,4991549.9262775425 | 4990609.034112316 | 4990648.660250199 | 4988441.188176196 | 4986517.427346243 | 4994867.738262568 | 4993942.588841511 | 4991435.342117475 | 4995623.221221895 | 4995722.363345233 | 4994222.8775426885 | 4994152.090774743 | 4991782.281052776 | 4992039.111845439 | 4991823.025294648 | 4991704.787605286 | 4991635.41404153 | 4991277.1413861085 | 4994611.156585617 | 4991574.659076385
src/main/resources/Torino__/Torino_nodes.gpkg,Torino_nodes,nodeID,INTEGER,OK,0/31401,0 | 1 | 2 | 3 | 4 | 5 | 6 | 7 | 8 | 9 | 10 | 11 | 12 | 13 | 14 | 15 | 16 | 17 | 18 | 19
src/main/resources/Torino__/Torino_nodes.gpkg,Torino_nodes,Bc_Rd,REAL,OK,0/31401,3518553.0 | 8529892.0 | 12120567.0 | 2608.0 | 1332050.0 | 546175.0 | 514661.0 | 0.0 | 376608.0 | 188364.0 | 4143987.0 | 4244470.0 | 266067.0 | 24042568.0 | 6301149.0 | 4110032.0 | 4209319.0 | 2261570.0 | 3693585.0 | 6149140.0
src/main/resources/Torino__/Torino_nodes.gpkg,Torino_nodes,p_rad,INTEGER,OK,0/31401,32 | 17 | 10 | 19 | 33 | 39 | 44 | 17 | 45 | 45 | 44 | 44 | 17 | 6 | 17 | 32 | 32 | 17 | 8 | 17
src/main/resources/Torino__/Torino_nodes.gpkg,Torino_nodes,gateway,INTEGER,OK,0/31401,0 | 1 | 1 | 0 | 0 | 0 | 0 | 0 | 0 | 0 | 0 | 0 | 0 | 1 | 0 | 0 | 0 | 0 | 0 | 0
src/main/resources/Torino__/Torino_nodes.gpkg,Torino_nodes,district,INTEGER,OK,0/31401,32 | 17 | 10 | 19 | 33 | 39 | 44 | 17 | 45 | 45 | 44 | 44 | 17 | 6 | 17 | 32 | 32 | 17 | 8 | 17
src/main/resources/Torino__/Torino_nodes_dual.gpkg,Torino_nodes_dual,fid,INTEGER,OK,0/44278,1 | 2 | 3 | 4 | 5 | 6 | 7 | 8 | 9 | 10 | 11 | 12 | 13 | 14 | 15 | 16 | 17 | 18 | 19 | 20
src/main/resources/Torino__/Torino_nodes_dual.gpkg,Torino_nodes_dual,key,TEXT,OK,0/44278,0 | 0 | 0 | 0 | 0 | 0 | 0 | 0 | 0 | 0 | 0 | 0 | 0 | 0 | 0 | 0 | 0 | 0 | 0 | 0
src/main/resources/Torino__/Torino_nodes_dual.gpkg,Torino_nodes_dual,name,TEXT,OK,19758/44278,Via Antonio Fontanesi | Corso Cairoli | Piazza Generale Carlo Di Robilant | Corso Bramante | Corso Moncalieri | Strada Pianezza | Via Giorgio Ghedini | Via Guastalla | Via Puglia | Via Puglia | Piazza Sofia | Via Arcangelo Corelli | Largo Montebello | Via Gioachino Rossini | Via Montebello | Corso Belgio | Largo Maresciallo Rosario Berardi | Via Montebello | Via Sempione | Via Lorenzo Martini
src/main/resources/Torino__/Torino_nodes_dual.gpkg,Torino_nodes_dual,highway,TEXT,OK,0/44278,tertiary | secondary | tertiary | secondary | secondary | secondary | residential | residential | residential | residential | tertiary | tertiary | residential | tertiary | residential | secondary | secondary | residential | tertiary | residential
src/main/resources/Torino__/Torino_nodes_dual.gpkg,Torino_nodes_dual,lit,TEXT,OK,17425/44278,yes | yes | yes | yes | yes | yes | yes | yes | yes | yes | yes | yes | yes | yes | yes | yes | yes | yes | yes | yes
src/main/resources/Torino__/Torino_nodes_dual.gpkg,Torino_nodes_dual,foot,TEXT,OK,41426/44278,yes | designated | designated | yes | designated | yes | permissive | designated | designated | yes | designated | designated | yes | yes | yes | designated | yes | yes | yes | yes
src/main/resources/Torino__/Torino_nodes_dual.gpkg,Torino_nodes_dual,footway,TEXT,OK,36224/44278,crossing | crossing | crossing | crossing | crossing | crossing | crossing | crossing | sidewalk | sidewalk | crossing | crossing | crossing | crossing | sidewalk | sidewalk | sidewalk | crossing | crossing | crossing
src/main/resources/Torino__/Torino_nodes_dual.gpkg,Torino_nodes_dual,cycleway,TEXT,OK,43369/44278,lane | no | no | crossing | no | no | no | crossing | no | no | no | no | no | no | no | no | no | no | track | no
src/main/resources/Torino__/Torino_nodes_dual.gpkg,Torino_nodes_dual,access,TEXT,OK,43933/44278,permissive | yes | yes | yes | yes | permissive | yes | yes | yes | yes | yes | yes | permissive | yes | destination | yes | permissive | permissive | permissive | yes
src/main/resources/Torino__/Torino_nodes_dual.gpkg,Torino_nodes_dual,surface,TEXT,OK,8212/44278,asphalt | asphalt | asphalt | asphalt | asphalt | asphalt | asphalt | asphalt | asphalt | asphalt | asphalt | asphalt | asphalt | asphalt | asphalt | asphalt | asphalt | asphalt | asphalt | sett
src/main/resources/Torino__/Torino_nodes_dual.gpkg,Torino_nodes_dual,width,TEXT,OK,43110/44278,4 | 9 | 2.7 | 0.4 | 15 m | 5.5 | 10 | 3.5 | 9 | 4 | 7 | 8.8 | 10 | 18 | 0.6 | 7.4 | 6 | 3 | 3 | 3
src/main/resources/Torino__/Torino_nodes_dual.gpkg,Torino_nodes_dual,sidewalk:right,TEXT,NON_STANDARD_COLUMN_NAME,43145/44278,separate | separate | separate | separate | separate | separate | separate | separate | separate | separate | yes | separate | separate | separate | separate | separate | separate | separate | separate | separate
src/main/resources/Torino__/Torino_nodes_dual.gpkg,Torino_nodes_dual,sidewalk,TEXT,OK,33600/44278,both | both | both | left | both | right | both | no | both | both | both | both | both | right | right | both | both | no | both | no
src/main/resources/Torino__/Torino_nodes_dual.gpkg,Torino_nodes_dual,sidewalk:right:surface,TEXT,NON_STANDARD_COLUMN_NAME,42438/44278,asphalt | asphalt | asphalt | paving_stones | asphalt | asphalt | asphalt | asphalt | asphalt | asphalt | asphalt | asphalt | asphalt | asphalt | asphalt | asphalt | asphalt | asphalt | asphalt | asphalt
src/main/resources/Torino__/Torino_nodes_dual.gpkg,Torino_nodes_dual,sidewalk:left,TEXT,NON_STANDARD_COLUMN_NAME,43288/44278,no | no | no | no | no | no | no | no | no | yes | separate | no | no | no | no | no | yes | no | no | yes
src/main/resources/Torino__/Torino_nodes_dual.gpkg,Torino_nodes_dual,sidewalk:both:surface,TEXT,NON_STANDARD_COLUMN_NAME,42251/44278,paving_stones | asphalt | paving_stones | asphalt | asphalt | asphalt | paving_stones | asphalt | asphalt | asphalt | asphalt | asphalt | asphalt | asphalt | asphalt | asphalt | asphalt | paving_stones | paving_stones | asphalt
src/main/resources/Torino__/Torino_nodes_dual.gpkg,Torino_nodes_dual,sidewalk:both,TEXT,NON_STANDARD_COLUMN_NAME,44085/44278,separate | separate | separate | separate | yes | separate | separate | separate | separate | separate | separate | separate | separate | separate | separate | separate | separate | separate | separate | separate
src/main/resources/Torino__/Torino_nodes_dual.gpkg,Torino_nodes_dual,sidewalk:left:surface,TEXT,NON_STANDARD_COLUMN_NAME,44137/44278,asphalt | asphalt | paving_stones | asphalt | asphalt | asphalt | asphalt | asphalt | asphalt | asphalt | asphalt | asphalt | asphalt | asphalt | asphalt | asphalt | asphalt | asphalt | asphalt | asphalt
src/main/resources/Torino__/Torino_nodes_dual.gpkg,Torino_nodes_dual,sidewalk:both:bicycle,TEXT,NON_STANDARD_COLUMN_NAME,44273/44278,yes | yes | no | no | no
src/main/resources/Torino__/Torino_nodes_dual.gpkg,Torino_nodes_dual,sidewalk:both:width,TEXT,NON_STANDARD_COLUMN_NAME,44278/44278,
src/main/resources/Torino__/Torino_nodes_dual.gpkg,Torino_nodes_dual,edgeID,INTEGER,OK,0/44278,0 | 1 | 2 | 3 | 4 | 5 | 6 | 7 | 8 | 9 | 10 | 11 | 12 | 13 | 14 | 15 | 16 | 17 | 18 | 19
src/main/resources/Torino__/Torino_nodes_dual.gpkg,Torino_nodes_dual,length,REAL,OK,0/44278,17.51445348843925 | 46.886046724629004 | 54.58741587841786 | 32.02673016348259 | 84.33730960916007 | 112.7737266499316 | 147.9035342224245 | 23.22876496472879 | 167.11928215332944 | 35.57413878684128 | 48.80428219394249 | 24.18913748165099 | 47.403747185792795 | 7.113997911115536 | 48.32939317012616 | 23.96930722021741 | 16.38302001873514 | 8.574833172330475 | 7.050474994318279 | 75.60807533263792
src/main/resources/Torino__/Torino_nodes_dual.gpkg,Torino_nodes_dual,u,INTEGER,OK,0/44278,0 | 1 | 2 | 3 | 4 | 5 | 6 | 7 | 8 | 9 | 10 | 11 | 12 | 13 | 14 | 15 | 16 | 17 | 18 | 19
src/main/resources/Torino__/Torino_nodes_dual.gpkg,Torino_nodes_dual,v,INTEGER,OK,0/44278,1901 | 20236 | 12299 | 30303 | 9127 | 1545 | 30304 | 29386 | 29296 | 1353 | 51 | 7422 | 14 | 504 | 4180 | 9766 | 4185 | 21984 | 10983 | 11984
src/main/resources/Torino__/Torino_nodes_dual.gpkg,Torino_nodes_dual,bridge,BOOLEAN,OK,0/44278,0 | 0 | 0 | 0 | 0 | 0 | 0 | 0 | 0 | 0 | 0 | 0 | 0 | 0 | 0 | 0 | 0 | 0 | 0 | 0
src/main/resources/Torino__/Torino_nodes_dual.gpkg,Torino_nodes_dual,a_rivers,TEXT,OK,0/44278,[] | [] | [] | [] | [1530] | [] | [] | [] | [] | [] | [] | [] | [] | [] | [] | [] | [] | [] | [] | []
src/main/resources/Torino__/Torino_nodes_dual.gpkg,Torino_nodes_dual,w_parks,TEXT,OK,0/44278,[] | [] | [] | [] | [] | [] | [] | [] | [] | [] | [] | [] | [] | [] | [] | [] | [] | [] | [] | []
src/main/resources/Torino__/Torino_nodes_dual.gpkg,Torino_nodes_dual,p_barr,TEXT,OK,0/44278,[] | [] | [] | [] | [1530] | [] | [] | [] | [] | [] | [] | [] | [] | [] | [] | [] | [] | [] | [] | []
src/main/resources/Torino__/Torino_nodes_dual.gpkg,Torino_nodes_dual,n_barr,TEXT,OK,0/44278,[] | [] | [] | [] | [] | [] | [] | [] | [] | [1157] | [] | [] | [] | [] | [] | [] | [610] | [] | [] | []
src/main/resources/Torino__/Torino_nodes_dual.gpkg,Torino_nodes_dual,sep_barr,BOOLEAN,OK,0/44278,0 | 0 | 0 | 0 | 0 | 0 | 0 | 0 | 0 | 0 | 0 | 0 | 0 | 0 | 0 | 0 | 0 | 0 | 0 | 0
src/main/resources/Torino__/Torino_nodes_dual.gpkg,Torino_nodes_dual,intersecting,TEXT,OK,0/44278,"[0, 1889, 1997, 1998, 4443] | [1, 2778, 5137, 25298] | [2, 13464, 21255, 45088, 45093] | [3, 1524, 10201] | [4, 9846, 9847] | [5, 1610, 9787, 10085] | [6, 1110, 1358, 13053, 13054] | [7, 43390, 43435, 43438] | [8, 43205, 43206] | [9, 1397, 2765, 9375, 11270] | [10, 51, 8830, 9539, 12704, 14170] | [11, 7968, 7969] | [12, 14, 7835, 7836, 40443] | [13, 509, 13553, 21395, 21396, 40431, 40432] | [12, 14, 4435, 7836, 10816, 29592] | [15, 1321, 10570, 11795, 20097, 21835, 29055, 42063] | [16, 4314, 4441, 20095, 21531] | [17, 9323, 28264] | [18, 2478, 11971, 13763, 13941] | [19, 13070, 13071, 43440, 43441]"
src/main/resources/Torino__/Torino_nodes_dual.gpkg,Torino_nodes_dual,x,REAL,OK,0/44278,1398031.433107025 | 1397145.5412546091 | 1393325.4398147694 | 1395834.959838381 | 1395752.9904996403 | 1391765.3004671447 | 1398521.6695924024 | 1397342.4024521764 | 1399703.3411949761 | 1399924.6610455068 | 1398944.9939299263 | 1398293.7588731956 | 1397325.987852258 | 1397259.9231317462 | 1397327.4479188113 | 1397929.72373741 | 1397858.3776360438 | 1397024.660876409 | 1397505.3861883571 | 1397299.4563733684
src/main/resources/Torino__/Torino_nodes_dual.gpkg,Torino_nodes_dual,y,REAL,OK,0/44278,4991556.448382569 | 4990622.741481863 | 4990635.823851894 | 4988446.611031809 | 4986478.065666032 | 4994880.668066202 | 4993903.51746169 | 4991442.629243042 | 4995650.744075362 | 4995721.618424606 | 4994217.839950118 | 4994162.23121266 | 4991803.748328472 | 4992036.017698815 | 4991844.452008336 | 4991710.248293247 | 4991641.383038248 | 4991280.742937621 | 4994609.276122682 | 4991586.027811277
